<?xml version="1.0" encoding="UTF-8"?>
<project-private xmlns="http://www.netbeans.org/ns/project-private/1">
    <editor-bookmarks xmlns="http://www.netbeans.org/ns/editor-bookmarks/2" lastBookmarkId="0"/>
    <open-files xmlns="http://www.netbeans.org/ns/projectui-open-files/2">
        <group>
            <file>file:/C:/Users/uende/OneDrive/Documentos/NetBeansProjects/PSII-MAPA/src/psii/mapa/ControleVacinas.java</file>
            <file>file:/C:/Users/uende/OneDrive/Documentos/NetBeansProjects/PSII-MAPA/src/psii/mapa/Envolvidos.java</file>
            <file>file:/C:/Users/uende/OneDrive/Documentos/NetBeansProjects/PSII-MAPA/src/psii/mapa/Enfermeira.java</file>
            <file>file:/C:/Users/uende/OneDrive/Documentos/NetBeansProjects/PSII-MAPA/src/psii/mapa/Cidadao.java</file>
        </group>
    </open-files>
</project-private>
